<?xml version="1.0" encoding="UTF-8"?>
<!DOCTYPE mapper PUBLIC "-//mybatis.org//DTD Mapper 3.0//EN" "http://mybatis.org/dtd/mybatis-3-mapper.dtd">
<mapper namespace="pers.elias.financial_management.mapper.AccountUserHeaderMapper">
  <resultMap id="BaseResultMap" type="pers.elias.financial_management.model.AccountUserHeader">
    <!--
      WARNING - @mbggenerated
      This element is automatically generated by MyBatis Generator, do not modify.
      This element was generated on Thu Aug 26 00:12:55 CST 2021.
    -->
    <id column="user_name" jdbcType="VARCHAR" property="userName" />
    <result column="header_path" jdbcType="VARCHAR" property="headerPath" />
  </resultMap>
  <sql id="Base_Column_List">
    <!--
      WARNING - @mbggenerated
      This element is automatically generated by MyBatis Generator, do not modify.
      This element was generated on Thu Aug 26 00:12:55 CST 2021.
    -->
    user_name, header_path
  </sql>
  <select id="selectByPrimaryKey" parameterType="java.lang.String" resultMap="BaseResultMap">
    <!--
      WARNING - @mbggenerated
      This element is automatically generated by MyBatis Generator, do not modify.
      This element was generated on Thu Aug 26 00:12:55 CST 2021.
    -->
    select
    <include refid="Base_Column_List" />
    from account_user_header
    where user_name = #{userName,jdbcType=VARCHAR}
  </select>
  <delete id="deleteByPrimaryKey" parameterType="java.lang.String">
    <!--
      WARNING - @mbggenerated
      This element is automatically generated by MyBatis Generator, do not modify.
      This element was generated on Thu Aug 26 00:12:55 CST 2021.
    -->
    delete from account_user_header
    where user_name = #{userName,jdbcType=VARCHAR}
  </delete>
  <insert id="insert" parameterType="pers.elias.financial_management.model.AccountUserHeader">
    <!--
      WARNING - @mbggenerated
      This element is automatically generated by MyBatis Generator, do not modify.
      This element was generated on Thu Aug 26 00:12:55 CST 2021.
    -->
    insert into account_user_header (user_name, header_path)
    values (#{userName,jdbcType=VARCHAR}, #{headerPath,jdbcType=VARCHAR})
  </insert>
  <insert id="insertSelective" parameterType="pers.elias.financial_management.model.AccountUserHeader">
    <!--
      WARNING - @mbggenerated
      This element is automatically generated by MyBatis Generator, do not modify.
      This element was generated on Thu Aug 26 00:12:55 CST 2021.
    -->
    insert into account_user_header
    <trim prefix="(" suffix=")" suffixOverrides=",">
      <if test="userName != null">
        user_name,
      </if>
      <if test="headerPath != null">
        header_path,
      </if>
    </trim>
    <trim prefix="values (" suffix=")" suffixOverrides=",">
      <if test="userName != null">
        #{userName,jdbcType=VARCHAR},
      </if>
      <if test="headerPath != null">
        #{headerPath,jdbcType=VARCHAR},
      </if>
    </trim>
  </insert>
  <update id="updateByPrimaryKeySelective" parameterType="pers.elias.financial_management.model.AccountUserHeader">
    <!--
      WARNING - @mbggenerated
      This element is automatically generated by MyBatis Generator, do not modify.
      This element was generated on Thu Aug 26 00:12:55 CST 2021.
    -->
    update account_user_header
    <set>
      <if test="headerPath != null">
        header_path = #{headerPath,jdbcType=VARCHAR},
      </if>
    </set>
    where user_name = #{userName,jdbcType=VARCHAR}
  </update>
  <update id="updateByPrimaryKey" parameterType="pers.elias.financial_management.model.AccountUserHeader">
    <!--
      WARNING - @mbggenerated
      This element is automatically generated by MyBatis Generator, do not modify.
      This element was generated on Thu Aug 26 00:12:55 CST 2021.
    -->
    update account_user_header
    set header_path = #{headerPath,jdbcType=VARCHAR}
    where user_name = #{userName,jdbcType=VARCHAR}
  </update>

  <delete id="deleteByUserName" parameterType="String">
        delete from account_user_header where user_name = #{userName}
    </delete>
</mapper>
