<?xml version="1.0" encoding="UTF-8"?>
<!DOCTYPE mapper PUBLIC "-//mybatis.org//DTD Mapper 3.0//EN" "http://mybatis.org/dtd/mybatis-3-mapper.dtd">
<mapper namespace="pers.elias.financial_management.mapper.AccountUserMapper">
  <resultMap id="BaseResultMap" type="pers.elias.financial_management.model.AccountUser">
    <!--
      WARNING - @mbggenerated
      This element is automatically generated by MyBatis Generator, do not modify.
      This element was generated on Tue Sep 14 07:44:41 CST 2021.
    -->
    <id column="user_name" jdbcType="VARCHAR" property="userName" />
    <result column="user_pass" jdbcType="VARCHAR" property="userPass" />
    <result column="second_pass" jdbcType="VARCHAR" property="secondPass" />
    <result column="roles" jdbcType="VARCHAR" property="roles" />
    <result column="date_login" jdbcType="TIMESTAMP" property="dateLogin" />
    <result column="date_created" jdbcType="TIMESTAMP" property="dateCreated" />
    <result column="tel" jdbcType="VARCHAR" property="tel" />
    <result column="e_mail" jdbcType="VARCHAR" property="eMail" />
  </resultMap>
  <sql id="Base_Column_List">
    <!--
      WARNING - @mbggenerated
      This element is automatically generated by MyBatis Generator, do not modify.
      This element was generated on Tue Sep 14 07:44:41 CST 2021.
    -->
    user_name, user_pass, second_pass, roles, date_login, date_created, tel, e_mail
  </sql>
  <select id="selectByPrimaryKey" parameterType="java.lang.String" resultMap="BaseResultMap">
    <!--
      WARNING - @mbggenerated
      This element is automatically generated by MyBatis Generator, do not modify.
      This element was generated on Tue Sep 14 07:44:41 CST 2021.
    -->
    select
    <include refid="Base_Column_List" />
    from account_user
    where user_name = #{userName,jdbcType=VARCHAR}
  </select>
  <delete id="deleteByPrimaryKey" parameterType="java.lang.String">
    <!--
      WARNING - @mbggenerated
      This element is automatically generated by MyBatis Generator, do not modify.
      This element was generated on Tue Sep 14 07:44:41 CST 2021.
    -->
    delete from account_user
    where user_name = #{userName,jdbcType=VARCHAR}
  </delete>
  <insert id="insert" parameterType="pers.elias.financial_management.model.AccountUser">
    <!--
      WARNING - @mbggenerated
      This element is automatically generated by MyBatis Generator, do not modify.
      This element was generated on Tue Sep 14 07:44:41 CST 2021.
    -->
    insert into account_user (user_name, user_pass, second_pass,
      roles, date_login, date_created,
      tel, e_mail)
    values (#{userName,jdbcType=VARCHAR}, #{userPass,jdbcType=VARCHAR}, #{secondPass,jdbcType=VARCHAR},
      #{roles,jdbcType=VARCHAR}, #{dateLogin,jdbcType=TIMESTAMP}, #{dateCreated,jdbcType=TIMESTAMP},
      #{tel,jdbcType=VARCHAR}, #{eMail,jdbcType=VARCHAR})
  </insert>
  <insert id="insertSelective" parameterType="pers.elias.financial_management.model.AccountUser">
    <!--
      WARNING - @mbggenerated
      This element is automatically generated by MyBatis Generator, do not modify.
      This element was generated on Tue Sep 14 07:44:41 CST 2021.
    -->
    insert into account_user
    <trim prefix="(" suffix=")" suffixOverrides=",">
      <if test="userName != null">
        user_name,
      </if>
      <if test="userPass != null">
        user_pass,
      </if>
      <if test="secondPass != null">
        second_pass,
      </if>
      <if test="roles != null">
        roles,
      </if>
      <if test="dateLogin != null">
        date_login,
      </if>
      <if test="dateCreated != null">
        date_created,
      </if>
      <if test="tel != null">
        tel,
      </if>
      <if test="eMail != null">
        e_mail,
      </if>
    </trim>
    <trim prefix="values (" suffix=")" suffixOverrides=",">
      <if test="userName != null">
        #{userName,jdbcType=VARCHAR},
      </if>
      <if test="userPass != null">
        #{userPass,jdbcType=VARCHAR},
      </if>
      <if test="secondPass != null">
        #{secondPass,jdbcType=VARCHAR},
      </if>
      <if test="roles != null">
        #{roles,jdbcType=VARCHAR},
      </if>
      <if test="dateLogin != null">
        #{dateLogin,jdbcType=TIMESTAMP},
      </if>
      <if test="dateCreated != null">
        #{dateCreated,jdbcType=TIMESTAMP},
      </if>
      <if test="tel != null">
        #{tel,jdbcType=VARCHAR},
      </if>
      <if test="eMail != null">
        #{eMail,jdbcType=VARCHAR},
      </if>
    </trim>
  </insert>
  <update id="updateByPrimaryKeySelective" parameterType="pers.elias.financial_management.model.AccountUser">
    <!--
      WARNING - @mbggenerated
      This element is automatically generated by MyBatis Generator, do not modify.
      This element was generated on Tue Sep 14 07:44:41 CST 2021.
    -->
    update account_user
    <set>
      <if test="userPass != null">
        user_pass = #{userPass,jdbcType=VARCHAR},
      </if>
      <if test="secondPass != null">
        second_pass = #{secondPass,jdbcType=VARCHAR},
      </if>
      <if test="roles != null">
        roles = #{roles,jdbcType=VARCHAR},
      </if>
      <if test="dateLogin != null">
        date_login = #{dateLogin,jdbcType=TIMESTAMP},
      </if>
      <if test="dateCreated != null">
        date_created = #{dateCreated,jdbcType=TIMESTAMP},
      </if>
      <if test="tel != null">
        tel = #{tel,jdbcType=VARCHAR},
      </if>
      <if test="eMail != null">
        e_mail = #{eMail,jdbcType=VARCHAR},
      </if>
    </set>
    where user_name = #{userName,jdbcType=VARCHAR}
  </update>
  <update id="updateByPrimaryKey" parameterType="pers.elias.financial_management.model.AccountUser">
    <!--
      WARNING - @mbggenerated
      This element is automatically generated by MyBatis Generator, do not modify.
      This element was generated on Tue Sep 14 07:44:41 CST 2021.
    -->
    update account_user
    set user_pass = #{userPass,jdbcType=VARCHAR},
      second_pass = #{secondPass,jdbcType=VARCHAR},
      roles = #{roles,jdbcType=VARCHAR},
      date_login = #{dateLogin,jdbcType=TIMESTAMP},
      date_created = #{dateCreated,jdbcType=TIMESTAMP},
      tel = #{tel,jdbcType=VARCHAR},
      e_mail = #{eMail,jdbcType=VARCHAR}
    where user_name = #{userName,jdbcType=VARCHAR}
  </update>

  <select id="selectSecondPass" parameterType="String" resultType="String">
    select
    second_pass
    from
    account_user
    where
    user_name = #{userName}
  </select>

  <select id="selectUserName" parameterType="String" resultType="String">
    select
    user_name
    from
    account_user
    where
    user_name = #{userName}
  </select>

  <select id="selectDateCreated" parameterType="String" resultType="Date">
    select
    date_created
    from
    account_user
    where
    user_name = #{userName}
  </select>
</mapper>
