<?xml version="1.0" encoding="UTF-8"?>
<!DOCTYPE mapper PUBLIC "-//mybatis.org//DTD Mapper 3.0//EN" "http://mybatis.org/dtd/mybatis-3-mapper.dtd">
<mapper namespace="pers.elias.financial_management.mapper.AccountBookHeaderMapper">
    <resultMap id="BaseResultMap" type="pers.elias.financial_management.model.AccountBookHeader">
        <!--
          WARNING - @mbggenerated
          This element is automatically generated by MyBatis Generator, do not modify.
          This element was generated on Wed Jul 14 19:23:50 CST 2021.
        -->
        <id column="id" jdbcType="INTEGER" property="id"/>
        <result column="user_name" jdbcType="VARCHAR" property="userName"/>
        <result column="account_book_id" jdbcType="INTEGER" property="accountBookId"/>
        <result column="header_path" jdbcType="VARCHAR" property="headerPath"/>
    </resultMap>
    <sql id="Base_Column_List">
        <!--
          WARNING - @mbggenerated
          This element is automatically generated by MyBatis Generator, do not modify.
          This element was generated on Wed Jul 14 19:23:50 CST 2021.
        -->
        id, user_name, account_book_id, header_path
    </sql>
    <select id="selectByPrimaryKey" parameterType="java.lang.Integer" resultMap="BaseResultMap">
        <!--
          WARNING - @mbggenerated
          This element is automatically generated by MyBatis Generator, do not modify.
          This element was generated on Wed Jul 14 19:23:50 CST 2021.
        -->
        select
        <include refid="Base_Column_List"/>
        from account_book_header
        where id = #{id,jdbcType=INTEGER}
    </select>
    <delete id="deleteByPrimaryKey" parameterType="java.lang.Integer">
        <!--
          WARNING - @mbggenerated
          This element is automatically generated by MyBatis Generator, do not modify.
          This element was generated on Wed Jul 14 19:23:50 CST 2021.
        -->
        delete from account_book_header
        where id = #{id,jdbcType=INTEGER}
    </delete>
    <insert id="insert" parameterType="pers.elias.financial_management.model.AccountBookHeader">
        <!--
          WARNING - @mbggenerated
          This element is automatically generated by MyBatis Generator, do not modify.
          This element was generated on Wed Jul 14 19:23:50 CST 2021.
        -->
        insert into account_book_header (id, user_name, account_book_id,
        header_path)
        values (#{id,jdbcType=INTEGER}, #{userName,jdbcType=VARCHAR}, #{accountBookId,jdbcType=INTEGER},
        #{headerPath,jdbcType=VARCHAR})
    </insert>
    <insert id="insertSelective" parameterType="pers.elias.financial_management.model.AccountBookHeader">
        <!--
          WARNING - @mbggenerated
          This element is automatically generated by MyBatis Generator, do not modify.
          This element was generated on Wed Jul 14 19:23:50 CST 2021.
        -->
        insert into account_book_header
        <trim prefix="(" suffix=")" suffixOverrides=",">
            <if test="id != null">
                id,
            </if>
            <if test="userName != null">
                user_name,
            </if>
            <if test="accountBookId != null">
                account_book_id,
            </if>
            <if test="headerPath != null">
                header_path,
            </if>
        </trim>
        <trim prefix="values (" suffix=")" suffixOverrides=",">
            <if test="id != null">
                #{id,jdbcType=INTEGER},
            </if>
            <if test="userName != null">
                #{userName,jdbcType=VARCHAR},
            </if>
            <if test="accountBookId != null">
                #{accountBookId,jdbcType=INTEGER},
            </if>
            <if test="headerPath != null">
                #{headerPath,jdbcType=VARCHAR},
            </if>
        </trim>
    </insert>
    <update id="updateByPrimaryKeySelective" parameterType="pers.elias.financial_management.model.AccountBookHeader">
        <!--
          WARNING - @mbggenerated
          This element is automatically generated by MyBatis Generator, do not modify.
          This element was generated on Wed Jul 14 19:23:50 CST 2021.
        -->
        update account_book_header
        <set>
            <if test="userName != null">
                user_name = #{userName,jdbcType=VARCHAR},
            </if>
            <if test="accountBookId != null">
                account_book_id = #{accountBookId,jdbcType=INTEGER},
            </if>
            <if test="headerPath != null">
                header_path = #{headerPath,jdbcType=VARCHAR},
            </if>
        </set>
        where id = #{id,jdbcType=INTEGER}
    </update>
    <update id="updateByPrimaryKey" parameterType="pers.elias.financial_management.model.AccountBookHeader">
        <!--
          WARNING - @mbggenerated
          This element is automatically generated by MyBatis Generator, do not modify.
          This element was generated on Wed Jul 14 19:23:50 CST 2021.
        -->
        update account_book_header
        set user_name = #{userName,jdbcType=VARCHAR},
        account_book_id = #{accountBookId,jdbcType=INTEGER},
        header_path = #{headerPath,jdbcType=VARCHAR}
        where id = #{id,jdbcType=INTEGER}
    </update>

    <resultMap id="accountBookHeaderResultMap" type="pers.elias.financial_management.model.AccountBookHeader">
        <!--
          WARNING - @mbggenerated
          This element is automatically generated by MyBatis Generator, do not modify.
          This element was generated on Wed Jul 14 19:23:50 CST 2021.
        -->
        <id column="id" jdbcType="INTEGER" property="id"/>
        <result column="user_name" jdbcType="VARCHAR" property="userName"/>
        <result column="account_book_id" jdbcType="INTEGER" property="accountBookId"/>
        <result column="header_path" jdbcType="VARCHAR" property="headerPath"/>
    </resultMap>

    <select id="selectByAccountBookHeader" parameterType="pers.elias.financial_management.model.AccountBookHeader"
            resultMap="accountBookHeaderResultMap">
    select abh.id, abh.user_name, abh.account_book_id, abh.header_path
    from account_book_header abh
    where
    abh.user_name = #{userName}
    and
    abh.account_book_id = #{accountBookId}
  </select>

    <select id="selectByUserName" parameterType="String" resultType="String">
    select abh.header_path
    from account_book_header abh
    where
    abh.user_name = #{userName}
  </select>

    <update id="updateByAccountBookHeader" parameterType="pers.elias.financial_management.model.AccountBookHeader">
    update account_book_header
    set header_path = #{headerPath}
    where
    user_name = #{userName}
    and
    account_book_id = #{accountBookId}
  </update>

    <delete id="deleteByUserName" parameterType="String">
        delete from account_book_header where user_name = #{userName}
    </delete>

    <delete id="deleteByAccountBookId" parameterType="Integer">
        delete from account_book_header where account_book_id = #{accountBookId}
    </delete>
</mapper>
