<?xml version="1.0" encoding="UTF-8"?>
<!DOCTYPE mapper PUBLIC "-//mybatis.org//DTD Mapper 3.0//EN" "http://mybatis.org/dtd/mybatis-3-mapper.dtd">
<mapper namespace="pers.elias.financial_management.mapper.AccountIndexMapper">
  <resultMap id="BaseResultMap" type="pers.elias.financial_management.model.AccountIndex">
    <!--
      WARNING - @mbggenerated
      This element is automatically generated by MyBatis Generator, do not modify.
      This element was generated on Tue Sep 14 06:01:23 CST 2021.
    -->
    <id column="user_name" jdbcType="VARCHAR" property="userName" />
    <result column="account_book_index" jdbcType="VARCHAR" property="accountBookIndex" />
    <result column="account_financial_index" jdbcType="VARCHAR" property="accountFinancialIndex" />
  </resultMap>
  <sql id="Base_Column_List">
    <!--
      WARNING - @mbggenerated
      This element is automatically generated by MyBatis Generator, do not modify.
      This element was generated on Tue Sep 14 06:01:23 CST 2021.
    -->
    user_name, account_book_index, account_financial_index
  </sql>
  <select id="selectByPrimaryKey" parameterType="java.lang.String" resultMap="BaseResultMap">
    <!--
      WARNING - @mbggenerated
      This element is automatically generated by MyBatis Generator, do not modify.
      This element was generated on Tue Sep 14 06:01:23 CST 2021.
    -->
    select 
    <include refid="Base_Column_List" />
    from account_index
    where user_name = #{userName,jdbcType=VARCHAR}
  </select>
  <delete id="deleteByPrimaryKey" parameterType="java.lang.String">
    <!--
      WARNING - @mbggenerated
      This element is automatically generated by MyBatis Generator, do not modify.
      This element was generated on Tue Sep 14 06:01:23 CST 2021.
    -->
    delete from account_index
    where user_name = #{userName,jdbcType=VARCHAR}
  </delete>
  <insert id="insert" parameterType="pers.elias.financial_management.model.AccountIndex">
    <!--
      WARNING - @mbggenerated
      This element is automatically generated by MyBatis Generator, do not modify.
      This element was generated on Tue Sep 14 06:01:23 CST 2021.
    -->
    insert into account_index (user_name, account_book_index, account_financial_index
      )
    values (#{userName,jdbcType=VARCHAR}, #{accountBookIndex,jdbcType=VARCHAR}, #{accountFinancialIndex,jdbcType=VARCHAR}
      )
  </insert>
  <insert id="insertSelective" parameterType="pers.elias.financial_management.model.AccountIndex">
    <!--
      WARNING - @mbggenerated
      This element is automatically generated by MyBatis Generator, do not modify.
      This element was generated on Tue Sep 14 06:01:23 CST 2021.
    -->
    insert into account_index
    <trim prefix="(" suffix=")" suffixOverrides=",">
      <if test="userName != null">
        user_name,
      </if>
      <if test="accountBookIndex != null">
        account_book_index,
      </if>
      <if test="accountFinancialIndex != null">
        account_financial_index,
      </if>
    </trim>
    <trim prefix="values (" suffix=")" suffixOverrides=",">
      <if test="userName != null">
        #{userName,jdbcType=VARCHAR},
      </if>
      <if test="accountBookIndex != null">
        #{accountBookIndex,jdbcType=VARCHAR},
      </if>
      <if test="accountFinancialIndex != null">
        #{accountFinancialIndex,jdbcType=VARCHAR},
      </if>
    </trim>
  </insert>
  <update id="updateByPrimaryKeySelective" parameterType="pers.elias.financial_management.model.AccountIndex">
    <!--
      WARNING - @mbggenerated
      This element is automatically generated by MyBatis Generator, do not modify.
      This element was generated on Tue Sep 14 06:01:23 CST 2021.
    -->
    update account_index
    <set>
      <if test="accountBookIndex != null">
        account_book_index = #{accountBookIndex,jdbcType=VARCHAR},
      </if>
      <if test="accountFinancialIndex != null">
        account_financial_index = #{accountFinancialIndex,jdbcType=VARCHAR},
      </if>
    </set>
    where user_name = #{userName,jdbcType=VARCHAR}
  </update>
  <update id="updateByPrimaryKey" parameterType="pers.elias.financial_management.model.AccountIndex">
    <!--
      WARNING - @mbggenerated
      This element is automatically generated by MyBatis Generator, do not modify.
      This element was generated on Tue Sep 14 06:01:23 CST 2021.
    -->
    update account_index
    set account_book_index = #{accountBookIndex,jdbcType=VARCHAR},
      account_financial_index = #{accountFinancialIndex,jdbcType=VARCHAR}
    where user_name = #{userName,jdbcType=VARCHAR}
  </update>
</mapper>