<?xml version="1.0" encoding="UTF-8"?>
<!DOCTYPE mapper PUBLIC "-//mybatis.org//DTD Mapper 3.0//EN" "http://mybatis.org/dtd/mybatis-3-mapper.dtd">
<mapper namespace="pers.elias.financial_management.mapper.AccountBookMapper">
  <resultMap id="BaseResultMap" type="pers.elias.financial_management.model.AccountBook">
    <!--
      WARNING - @mbggenerated
      This element is automatically generated by MyBatis Generator, do not modify.
      This element was generated on Mon May 17 01:32:15 CST 2021.
    -->
    <id column="id" jdbcType="INTEGER" property="id" />
    <result column="user_name" jdbcType="VARCHAR" property="userName" />
    <result column="name" jdbcType="VARCHAR" property="name" />
  </resultMap>
  <sql id="Base_Column_List">
    <!--
      WARNING - @mbggenerated
      This element is automatically generated by MyBatis Generator, do not modify.
      This element was generated on Mon May 17 01:32:15 CST 2021.
    -->
    id, user_name, name
  </sql>
  <select id="selectByPrimaryKey" parameterType="java.lang.Integer" resultMap="BaseResultMap">
    <!--
      WARNING - @mbggenerated
      This element is automatically generated by MyBatis Generator, do not modify.
      This element was generated on Mon May 17 01:32:15 CST 2021.
    -->
    select
    <include refid="Base_Column_List" />
    from account_book
    where id = #{id,jdbcType=INTEGER}
  </select>
  <delete id="deleteByPrimaryKey" parameterType="java.lang.Integer">
    <!--
      WARNING - @mbggenerated
      This element is automatically generated by MyBatis Generator, do not modify.
      This element was generated on Mon May 17 01:32:15 CST 2021.
    -->
    delete from account_book
    where id = #{id,jdbcType=INTEGER}
  </delete>
  <insert id="insert" parameterType="pers.elias.financial_management.model.AccountBook">
    <!--
      WARNING - @mbggenerated
      This element is automatically generated by MyBatis Generator, do not modify.
      This element was generated on Mon May 17 01:32:15 CST 2021.
    -->
    insert into account_book (id, user_name, name
      )
    values (#{id,jdbcType=INTEGER}, #{userName,jdbcType=VARCHAR}, #{name,jdbcType=VARCHAR}
      )
  </insert>
  <insert id="insertSelective" parameterType="pers.elias.financial_management.model.AccountBook">
    <!--
      WARNING - @mbggenerated
      This element is automatically generated by MyBatis Generator, do not modify.
      This element was generated on Mon May 17 01:32:15 CST 2021.
    -->
    insert into account_book
    <trim prefix="(" suffix=")" suffixOverrides=",">
      <if test="id != null">
        id,
      </if>
      <if test="userName != null">
        user_name,
      </if>
      <if test="name != null">
        name,
      </if>
    </trim>
    <trim prefix="values (" suffix=")" suffixOverrides=",">
      <if test="id != null">
        #{id,jdbcType=INTEGER},
      </if>
      <if test="userName != null">
        #{userName,jdbcType=VARCHAR},
      </if>
      <if test="name != null">
        #{name,jdbcType=VARCHAR},
      </if>
    </trim>
  </insert>
  <update id="updateByPrimaryKeySelective" parameterType="pers.elias.financial_management.model.AccountBook">
    <!--
      WARNING - @mbggenerated
      This element is automatically generated by MyBatis Generator, do not modify.
      This element was generated on Mon May 17 01:32:15 CST 2021.
    -->
    update account_book
    <set>
      <if test="userName != null">
        user_name = #{userName,jdbcType=VARCHAR},
      </if>
      <if test="name != null">
        name = #{name,jdbcType=VARCHAR},
      </if>
    </set>
    where id = #{id,jdbcType=INTEGER}
  </update>
  <update id="updateByPrimaryKey" parameterType="pers.elias.financial_management.model.AccountBook">
    <!--
      WARNING - @mbggenerated
      This element is automatically generated by MyBatis Generator, do not modify.
      This element was generated on Mon May 17 01:32:15 CST 2021.
    -->
    update account_book
    set user_name = #{userName,jdbcType=VARCHAR},
      name = #{name,jdbcType=VARCHAR}
    where id = #{id,jdbcType=INTEGER}
  </update>
  <delete id="deleteByUserNameAndBook" parameterType="pers.elias.financial_management.model.AccountBook">
    delete from account_book
    where user_name = #{userName} and name = #{name}
  </delete>

  <select id="selectAllByUserName" parameterType="String" resultType="String">
    select ab.name
    from account_book ab
    where
    ab.user_name = #{userName}
  </select>

  <select id="selectIdByUserNameAndBook" parameterType="pers.elias.financial_management.bean.GlobalAccountInfo" resultType="Integer">
    select ab.id
    from account_book ab
    where
    ab.user_name = #{userName}
    and
    ab.name = #{accountBookName}
  </select>

  <delete id="deleteByUserName" parameterType="String">
        delete from account_book where user_name = #{userName}
    </delete>
</mapper>
