<?xml version="1.0" encoding="UTF-8"?>
<!DOCTYPE mapper PUBLIC "-//mybatis.org//DTD Mapper 3.0//EN" "http://mybatis.org/dtd/mybatis-3-mapper.dtd">
<mapper namespace="pers.elias.financial_management.mapper.AccountFinancialMapper">
  <resultMap id="BaseResultMap" type="pers.elias.financial_management.model.AccountFinancial">
    <!--
      WARNING - @mbggenerated
      This element is automatically generated by MyBatis Generator, do not modify.
      This element was generated on Tue Aug 10 14:08:13 CST 2021.
    -->
    <id column="id" jdbcType="INTEGER" property="id" />
    <result column="user_name" jdbcType="VARCHAR" property="userName" />
    <result column="account_book_id" jdbcType="INTEGER" property="accountBookId" />
    <result column="financial_account_name" jdbcType="VARCHAR" property="financialAccountName" />
  </resultMap>
  <sql id="Base_Column_List">
    <!--
      WARNING - @mbggenerated
      This element is automatically generated by MyBatis Generator, do not modify.
      This element was generated on Tue Aug 10 14:08:13 CST 2021.
    -->
    id, user_name, account_book_id, financial_account_name
  </sql>
  <select id="selectByPrimaryKey" parameterType="java.lang.Integer" resultMap="BaseResultMap">
    <!--
      WARNING - @mbggenerated
      This element is automatically generated by MyBatis Generator, do not modify.
      This element was generated on Tue Aug 10 14:08:13 CST 2021.
    -->
    select
    <include refid="Base_Column_List" />
    from account_financial
    where id = #{id,jdbcType=INTEGER}
  </select>
  <delete id="deleteByPrimaryKey" parameterType="java.lang.Integer">
    <!--
      WARNING - @mbggenerated
      This element is automatically generated by MyBatis Generator, do not modify.
      This element was generated on Tue Aug 10 14:08:13 CST 2021.
    -->
    delete from account_financial
    where id = #{id,jdbcType=INTEGER}
  </delete>
  <insert id="insert" parameterType="pers.elias.financial_management.model.AccountFinancial">
    <!--
      WARNING - @mbggenerated
      This element is automatically generated by MyBatis Generator, do not modify.
      This element was generated on Tue Aug 10 14:08:13 CST 2021.
    -->
    insert into account_financial (id, user_name, account_book_id,
      financial_account_name)
    values (#{id,jdbcType=INTEGER}, #{userName,jdbcType=VARCHAR}, #{accountBookId,jdbcType=INTEGER},
      #{financialAccountName,jdbcType=VARCHAR})
  </insert>
  <insert id="insertSelective" parameterType="pers.elias.financial_management.model.AccountFinancial">
    <!--
      WARNING - @mbggenerated
      This element is automatically generated by MyBatis Generator, do not modify.
      This element was generated on Tue Aug 10 14:08:13 CST 2021.
    -->
    insert into account_financial
    <trim prefix="(" suffix=")" suffixOverrides=",">
      <if test="id != null">
        id,
      </if>
      <if test="userName != null">
        user_name,
      </if>
      <if test="accountBookId != null">
        account_book_id,
      </if>
      <if test="financialAccountName != null">
        financial_account_name,
      </if>
    </trim>
    <trim prefix="values (" suffix=")" suffixOverrides=",">
      <if test="id != null">
        #{id,jdbcType=INTEGER},
      </if>
      <if test="userName != null">
        #{userName,jdbcType=VARCHAR},
      </if>
      <if test="accountBookId != null">
        #{accountBookId,jdbcType=INTEGER},
      </if>
      <if test="financialAccountName != null">
        #{financialAccountName,jdbcType=VARCHAR},
      </if>
    </trim>
  </insert>
  <update id="updateByPrimaryKeySelective" parameterType="pers.elias.financial_management.model.AccountFinancial">
    <!--
      WARNING - @mbggenerated
      This element is automatically generated by MyBatis Generator, do not modify.
      This element was generated on Tue Aug 10 14:08:13 CST 2021.
    -->
    update account_financial
    <set>
      <if test="userName != null">
        user_name = #{userName,jdbcType=VARCHAR},
      </if>
      <if test="accountBookId != null">
        account_book_id = #{accountBookId,jdbcType=INTEGER},
      </if>
      <if test="financialAccountName != null">
        financial_account_name = #{financialAccountName,jdbcType=VARCHAR},
      </if>
    </set>
    where id = #{id,jdbcType=INTEGER}
  </update>
  <update id="updateByPrimaryKey" parameterType="pers.elias.financial_management.model.AccountFinancial">
    <!--
      WARNING - @mbggenerated
      This element is automatically generated by MyBatis Generator, do not modify.
      This element was generated on Tue Aug 10 14:08:13 CST 2021.
    -->
    update account_financial
    set user_name = #{userName,jdbcType=VARCHAR},
      account_book_id = #{accountBookId,jdbcType=INTEGER},
      financial_account_name = #{financialAccountName,jdbcType=VARCHAR}
    where id = #{id,jdbcType=INTEGER}
  </update>

  <select id="selectAll" parameterType="pers.elias.financial_management.model.AccountFinancial" resultType="String">
    SELECT
        financial_account_name
    FROM
        account_financial
    WHERE
        user_name = #{userName}
        AND
        account_book_id = #{accountBookId}
  </select>

  <select id="selectId" parameterType="pers.elias.financial_management.model.AccountFinancial" resultType="Integer">
        SELECT
            id
        FROM
            account_financial
        WHERE
            user_name = #{userName}
            AND account_book_id = #{accountBookId}
            AND financial_account_name = #{financialAccountName}
  </select>

  <select id="selectSubAccount" resultType="String">
        select
        a_t.account_type_name
        from
        account_type a_t,
        account_financial a_f
        where
        a_t.financial_account_id = a_f.id
        and
        a_t.user_name = #{userName}
        and
        a_t.account_book_id = #{accountBookId}
        and
        a_t.financial_account_id = #{accountFinancialId}
  </select>

    <select id="selectCount" resultType="Integer">
        select
        count(*)
        from
        account_current ac,
        category_second cs,
        account_type at,
		account_financial af
        where
        ac.user_name = cs.user_name
        and
        ac.account_book_id = cs.account_book_id
        and
        ac.second_category_id = cs.id
        and
        ac.account_type_id = at.id
		and
		af.id = at.financial_account_id
        and
        ac.user_name = #{userName}
        and
        ac.account_book_id = #{accountBookId}
		and
		af.id = #{accountFinancialId}
    </select>

    <select id="selectSubAccountCurrent" resultType="pers.elias.financial_management.model.AccountCurrentResult">
        select
        ac.id,
        ac.user_name,
        ac.date,
        cs.second_category_name,
        ac.in_ex_status,
        ac.amount,
        at.account_type_name,
        ac.remarks
        from
        account_current ac,
        category_second cs,
        account_type at,
		account_financial af
        where
        ac.user_name = cs.user_name
        and
        ac.account_book_id = cs.account_book_id
        and
        ac.second_category_id = cs.id
        and
        ac.account_type_id = at.id
		and
		at.financial_account_id = af.id
        and
        ac.user_name = #{userName}
        and
        ac.account_book_id = #{accountBookId}
        and
		af.id = #{accountFinancialId}
		and
		at.id = #{accountTypeId}
        ORDER BY ac.date DESC
        limit #{startIndex},#{pagesize}
    </select>

    <delete id="deleteByUserName" parameterType="String">
        delete from account_financial where user_name = #{userName}
    </delete>

    <delete id="deleteByAccountBookId" parameterType="Integer">
        delete from account_financial where account_book_id = #{accountBookId}
    </delete>
</mapper>
