<?xml version="1.0" encoding="UTF-8"?>
<!DOCTYPE mapper PUBLIC "-//mybatis.org//DTD Mapper 3.0//EN" "http://mybatis.org/dtd/mybatis-3-mapper.dtd">
<mapper namespace="pers.elias.financial_management.mapper.AccountTypeMapper">
  <resultMap id="BaseResultMap" type="pers.elias.financial_management.model.AccountType">
    <!--
      WARNING - @mbggenerated
      This element is automatically generated by MyBatis Generator, do not modify.
      This element was generated on Fri Aug 13 16:39:34 CST 2021.
    -->
    <id column="id" jdbcType="INTEGER" property="id" />
    <result column="user_name" jdbcType="VARCHAR" property="userName" />
    <result column="account_book_id" jdbcType="INTEGER" property="accountBookId" />
    <result column="financial_account_id" jdbcType="INTEGER" property="financialAccountId" />
    <result column="account_type_name" jdbcType="VARCHAR" property="accountTypeName" />
  </resultMap>
  <sql id="Base_Column_List">
    <!--
      WARNING - @mbggenerated
      This element is automatically generated by MyBatis Generator, do not modify.
      This element was generated on Fri Aug 13 16:39:34 CST 2021.
    -->
    id, user_name, account_book_id, financial_account_id, account_type_name
  </sql>
  <select id="selectByPrimaryKey" parameterType="java.lang.Integer" resultMap="BaseResultMap">
    <!--
      WARNING - @mbggenerated
      This element is automatically generated by MyBatis Generator, do not modify.
      This element was generated on Fri Aug 13 16:39:34 CST 2021.
    -->
    select
    <include refid="Base_Column_List" />
    from account_type
    where id = #{id,jdbcType=INTEGER}
  </select>
  <delete id="deleteByPrimaryKey" parameterType="java.lang.Integer">
    <!--
      WARNING - @mbggenerated
      This element is automatically generated by MyBatis Generator, do not modify.
      This element was generated on Fri Aug 13 16:39:34 CST 2021.
    -->
    delete from account_type
    where id = #{id,jdbcType=INTEGER}
  </delete>
  <insert id="insert" parameterType="pers.elias.financial_management.model.AccountType">
    <!--
      WARNING - @mbggenerated
      This element is automatically generated by MyBatis Generator, do not modify.
      This element was generated on Fri Aug 13 16:39:34 CST 2021.
    -->
    insert into account_type (id, user_name, account_book_id,
      financial_account_id, account_type_name)
    values (#{id,jdbcType=INTEGER}, #{userName,jdbcType=VARCHAR}, #{accountBookId,jdbcType=INTEGER},
      #{financialAccountId,jdbcType=INTEGER}, #{accountTypeName,jdbcType=VARCHAR})
  </insert>
  <insert id="insertSelective" parameterType="pers.elias.financial_management.model.AccountType">
    <!--
      WARNING - @mbggenerated
      This element is automatically generated by MyBatis Generator, do not modify.
      This element was generated on Fri Aug 13 16:39:34 CST 2021.
    -->
    insert into account_type
    <trim prefix="(" suffix=")" suffixOverrides=",">
      <if test="id != null">
        id,
      </if>
      <if test="userName != null">
        user_name,
      </if>
      <if test="accountBookId != null">
        account_book_id,
      </if>
      <if test="financialAccountId != null">
        financial_account_id,
      </if>
      <if test="accountTypeName != null">
        account_type_name,
      </if>
    </trim>
    <trim prefix="values (" suffix=")" suffixOverrides=",">
      <if test="id != null">
        #{id,jdbcType=INTEGER},
      </if>
      <if test="userName != null">
        #{userName,jdbcType=VARCHAR},
      </if>
      <if test="accountBookId != null">
        #{accountBookId,jdbcType=INTEGER},
      </if>
      <if test="financialAccountId != null">
        #{financialAccountId,jdbcType=INTEGER},
      </if>
      <if test="accountTypeName != null">
        #{accountTypeName,jdbcType=VARCHAR},
      </if>
    </trim>
  </insert>
  <update id="updateByPrimaryKeySelective" parameterType="pers.elias.financial_management.model.AccountType">
    <!--
      WARNING - @mbggenerated
      This element is automatically generated by MyBatis Generator, do not modify.
      This element was generated on Fri Aug 13 16:39:34 CST 2021.
    -->
    update account_type
    <set>
      <if test="userName != null">
        user_name = #{userName,jdbcType=VARCHAR},
      </if>
      <if test="accountBookId != null">
        account_book_id = #{accountBookId,jdbcType=INTEGER},
      </if>
      <if test="financialAccountId != null">
        financial_account_id = #{financialAccountId,jdbcType=INTEGER},
      </if>
      <if test="accountTypeName != null">
        account_type_name = #{accountTypeName,jdbcType=VARCHAR},
      </if>
    </set>
    where id = #{id,jdbcType=INTEGER}
  </update>
  <update id="updateByPrimaryKey" parameterType="pers.elias.financial_management.model.AccountType">
    <!--
      WARNING - @mbggenerated
      This element is automatically generated by MyBatis Generator, do not modify.
      This element was generated on Fri Aug 13 16:39:34 CST 2021.
    -->
    update account_type
    set user_name = #{userName,jdbcType=VARCHAR},
      account_book_id = #{accountBookId,jdbcType=INTEGER},
      financial_account_id = #{financialAccountId,jdbcType=INTEGER},
      account_type_name = #{accountTypeName,jdbcType=VARCHAR}
    where id = #{id,jdbcType=INTEGER}
  </update>

  <select id="selectAccountTypeName" parameterType="pers.elias.financial_management.model.AccountType" resultType="String">
    select account_type_name
    from account_type
    where
    account_book_id = #{accountBookId}
  </select>

  <select id="selectIdByAccountType" parameterType="pers.elias.financial_management.model.AccountType" resultType="Integer">
    select
    at.id
    from account_type at
    where
    at.user_name = #{userName}
    and
    at.account_book_id = #{accountBookId}
    and
    at.account_type_name = #{accountTypeName}
  </select>

  <delete id="deleteByUserName" parameterType="String">
        delete from account_type where user_name = #{userName}
    </delete>

  <delete id="deleteByAccountBookId" parameterType="Integer">
        delete from account_type where account_book_id = #{accountBookId}
    </delete>
</mapper>
