<?xml version="1.0" encoding="UTF-8"?>
<!DOCTYPE mapper PUBLIC "-//mybatis.org//DTD Mapper 3.0//EN" "http://mybatis.org/dtd/mybatis-3-mapper.dtd">
<mapper namespace="pers.elias.financial_management.mapper.AccountCurrentMapper">
    <resultMap id="BaseResultMap" type="pers.elias.financial_management.model.AccountCurrent">
        <!--
          WARNING - @mbggenerated
          This element is automatically generated by MyBatis Generator, do not modify.
          This element was generated on Mon Jun 21 16:54:00 CST 2021.
        -->
        <id column="id" jdbcType="INTEGER" property="id"/>
        <result column="user_name" jdbcType="VARCHAR" property="userName"/>
        <result column="account_book_id" jdbcType="INTEGER" property="accountBookId"/>
        <result column="date" jdbcType="DATE" property="date"/>
        <result column="second_category_id" jdbcType="INTEGER" property="secondCategoryId"/>
        <result column="in_ex_status" jdbcType="VARCHAR" property="inExStatus"/>
        <result column="amount" jdbcType="DOUBLE" property="amount"/>
        <result column="account_type_id" jdbcType="INTEGER" property="accountTypeId"/>
        <result column="remarks" jdbcType="VARCHAR" property="remarks"/>
    </resultMap>
    <sql id="Base_Column_List">
        <!--
          WARNING - @mbggenerated
          This element is automatically generated by MyBatis Generator, do not modify.
          This element was generated on Mon Jun 21 16:54:00 CST 2021.
        -->
        id, user_name, account_book_id, date, second_category_id, in_ex_status, amount, account_type_id,
        remarks
    </sql>
    <select id="selectByPrimaryKey" parameterType="java.lang.Integer" resultMap="BaseResultMap">
        <!--
          WARNING - @mbggenerated
          This element is automatically generated by MyBatis Generator, do not modify.
          This element was generated on Mon Jun 21 16:54:00 CST 2021.
        -->
        select
        <include refid="Base_Column_List"/>
        from account_current
        where id = #{id,jdbcType=INTEGER}
    </select>
    <delete id="deleteByPrimaryKey" parameterType="java.lang.Integer">
        <!--
          WARNING - @mbggenerated
          This element is automatically generated by MyBatis Generator, do not modify.
          This element was generated on Mon Jun 21 16:54:00 CST 2021.
        -->
        delete from account_current
        where id = #{id,jdbcType=INTEGER}
    </delete>
    <insert id="insert" parameterType="pers.elias.financial_management.model.AccountCurrent">
        <!--
          WARNING - @mbggenerated
          This element is automatically generated by MyBatis Generator, do not modify.
          This element was generated on Mon Jun 21 16:54:00 CST 2021.
        -->
        insert into account_current (id, user_name, account_book_id,
        date, second_category_id, in_ex_status,
        amount, account_type_id, remarks
        )
        values (#{id,jdbcType=INTEGER}, #{userName,jdbcType=VARCHAR}, #{accountBookId,jdbcType=INTEGER},
        #{date,jdbcType=TIMESTAMP}, #{secondCategoryId,jdbcType=INTEGER}, #{inExStatus,jdbcType=VARCHAR},
        #{amount,jdbcType=DOUBLE}, #{accountTypeId,jdbcType=INTEGER}, #{remarks,jdbcType=VARCHAR}
        )
    </insert>
    <insert id="insertSelective" parameterType="pers.elias.financial_management.model.AccountCurrent">
        <!--
          WARNING - @mbggenerated
          This element is automatically generated by MyBatis Generator, do not modify.
          This element was generated on Mon Jun 21 16:54:00 CST 2021.
        -->
        insert into account_current
        <trim prefix="(" suffix=")" suffixOverrides=",">
            <if test="id != null">
                id,
            </if>
            <if test="userName != null">
                user_name,
            </if>
            <if test="accountBookId != null">
                account_book_id,
            </if>
            <if test="date != null">
                date,
            </if>
            <if test="secondCategoryId != null">
                second_category_id,
            </if>
            <if test="inExStatus != null">
                in_ex_status,
            </if>
            <if test="amount != null">
                amount,
            </if>
            <if test="accountTypeId != null">
                account_type_id,
            </if>
            <if test="remarks != null">
                remarks,
            </if>
        </trim>
        <trim prefix="values (" suffix=")" suffixOverrides=",">
            <if test="id != null">
                #{id,jdbcType=INTEGER},
            </if>
            <if test="userName != null">
                #{userName,jdbcType=VARCHAR},
            </if>
            <if test="accountBookId != null">
                #{accountBookId,jdbcType=INTEGER},
            </if>
            <if test="date != null">
                #{date,jdbcType=TIMESTAMP},
            </if>
            <if test="secondCategoryId != null">
                #{secondCategoryId,jdbcType=INTEGER},
            </if>
            <if test="inExStatus != null">
                #{inExStatus,jdbcType=VARCHAR},
            </if>
            <if test="amount != null">
                #{amount,jdbcType=DOUBLE},
            </if>
            <if test="accountTypeId != null">
                #{accountTypeId,jdbcType=INTEGER},
            </if>
            <if test="remarks != null">
                #{remarks,jdbcType=VARCHAR},
            </if>
        </trim>
    </insert>
    <update id="updateByPrimaryKeySelective" parameterType="pers.elias.financial_management.model.AccountCurrent">
        <!--
          WARNING - @mbggenerated
          This element is automatically generated by MyBatis Generator, do not modify.
          This element was generated on Mon Jun 21 16:54:00 CST 2021.
        -->
        update account_current
        <set>
            <if test="userName != null">
                user_name = #{userName,jdbcType=VARCHAR},
            </if>
            <if test="accountBookId != null">
                account_book_id = #{accountBookId,jdbcType=INTEGER},
            </if>
            <if test="date != null">
                date = #{date,jdbcType=TIMESTAMP},
            </if>
            <if test="secondCategoryId != null">
                second_category_id = #{secondCategoryId,jdbcType=INTEGER},
            </if>
            <if test="inExStatus != null">
                in_ex_status = #{inExStatus,jdbcType=VARCHAR},
            </if>
            <if test="amount != null">
                amount = #{amount,jdbcType=DOUBLE},
            </if>
            <if test="accountTypeId != null">
                account_type_id = #{accountTypeId,jdbcType=INTEGER},
            </if>
            <if test="remarks != null">
                remarks = #{remarks,jdbcType=VARCHAR},
            </if>
        </set>
        where id = #{id,jdbcType=INTEGER}
    </update>
    <update id="updateByPrimaryKey" parameterType="pers.elias.financial_management.model.AccountCurrent">
        <!--
          WARNING - @mbggenerated
          This element is automatically generated by MyBatis Generator, do not modify.
          This element was generated on Mon Jun 21 16:54:00 CST 2021.
        -->
        update account_current
        set user_name = #{userName,jdbcType=VARCHAR},
        account_book_id = #{accountBookId,jdbcType=INTEGER},
        date = #{date,jdbcType=TIMESTAMP},
        second_category_id = #{secondCategoryId,jdbcType=INTEGER},
        in_ex_status = #{inExStatus,jdbcType=VARCHAR},
        amount = #{amount,jdbcType=DOUBLE},
        account_type_id = #{accountTypeId,jdbcType=INTEGER},
        remarks = #{remarks,jdbcType=VARCHAR}
        where id = #{id,jdbcType=INTEGER}
    </update>
    <select id="selectAllByAccountCurrent" resultType="pers.elias.financial_management.model.AccountCurrentResult">
        select
        ac.id,
        ac.user_name,
        ac.date,
        cs.second_category_name,
        ac.in_ex_status,
        ac.amount,
        at.account_type_name,
        ac.remarks
        from
        account_current ac,
        category_second cs,
        account_type at
        where
        ac.user_name = cs.user_name
        and
        ac.account_book_id = cs.account_book_id
        and
        ac.second_category_id = cs.id
        and
        ac.account_type_id = at.id
        and
        ac.user_name = #{userName}
        and
        ac.account_book_id = #{accountBookId}
        and
        DATE_FORMAT( date, '%Y-%m' ) = #{dateConverted}
        ORDER BY ac.date DESC
        limit #{startIndex},#{pagesize}
    </select>

    <select id="selectCount" resultType="Integer">
        select
        count(*)
        from
        account_current ac,
        category_second cs,
        account_type at
        where
        ac.user_name = cs.user_name
        and
        ac.account_book_id = cs.account_book_id
        and
        ac.second_category_id = cs.id
        and
        ac.account_type_id = at.id
        and
        ac.user_name = #{userName}
        and
        ac.account_book_id = #{accountBookId}
        <if test="dateConverted != null">
            and
            DATE_FORMAT( date, '%Y-%m' ) = #{dateConverted}
        </if>
    </select>

    <select id="selectByConditions" parameterType="pers.elias.financial_management.model.AccountCurrent"
            resultType="pers.elias.financial_management.model.AccountCurrentResult">
        select
        ac.id,
        ac.user_name,
        ac.date,
        cs.second_category_name,
        ac.in_ex_status,
        ac.amount,
        at.account_type_name,
        ac.remarks
        from
        account_current ac,
        category_second cs,
        account_type at
        where
        ac.user_name = cs.user_name
        and
        ac.account_book_id = cs.account_book_id
        and
        ac.second_category_id = cs.id
        and
        ac.account_type_id = at.id
        and
        ac.user_name = #{userName}
        and
        ac.account_book_id = #{accountBookId}
        and
        ac.in_ex_status = #{inExStatus}
    </select>

    <select id="selectById" parameterType="Integer"
            resultType="pers.elias.financial_management.model.AccountCurrentResult">
        select
        ac.id,
        ac.user_name,
        ac.date,
        cf.first_category_name,
        cs.second_category_name,
        ac.in_ex_status,
        ac.amount,
        at.account_type_name,
        ac.remarks
        from
        account_current ac,
        category_first cf,
        category_second cs,
        account_type at
        where
        ac.user_name = cs.user_name
        and
        ac.account_book_id = cs.account_book_id
        and
        ac.second_category_id = cs.id
        and
        ac.account_type_id = at.id
		and
	    cs.first_category_id = cf.id
		and
		ac.id = #{id}
    </select>

    <select id="selectSubAccountCount" parameterType="pers.elias.financial_management.model.AccountCurrent"
            resultType="Integer">
        select
        count(*)
        from
        account_current ac,
        category_second cs,
        account_type at
        where
        ac.user_name = cs.user_name
        and
        ac.account_book_id = cs.account_book_id
        and
        ac.second_category_id = cs.id
        and
        ac.account_type_id = at.id
        and
        ac.user_name = #{userName}
        and
        ac.account_book_id = #{accountBookId}
        and
        ac.account_type_id = #{accountTypeId}
    </select>

    <delete id="deleteByUserName" parameterType="String">
        delete from account_current where user_name = #{userName}
    </delete>

    <delete id="deleteByAccountBookId" parameterType="Integer">
        delete from account_current where account_book_id = #{accountBookId}
    </delete>

    <delete id="deleteByCategorySecondId" parameterType="Integer">
        delete from account_current where second_category_id = #{categorySecondId}
    </delete>

    <delete id="deleteByAccountTypeId" parameterType="Integer">
        delete from account_current where account_type_id = #{accountTypeId}
    </delete>
</mapper>
