<?xml version="1.0" encoding="UTF-8"?>
<!DOCTYPE mapper PUBLIC "-//mybatis.org//DTD Mapper 3.0//EN" "http://mybatis.org/dtd/mybatis-3-mapper.dtd">
<mapper namespace="pers.elias.financial_management.mapper.CategoryFirstMapper">
    <resultMap id="BaseResultMap" type="pers.elias.financial_management.model.CategoryFirst">
        <!--
          WARNING - @mbggenerated
          This element is automatically generated by MyBatis Generator, do not modify.
          This element was generated on Mon May 17 10:32:18 CST 2021.
        -->
        <id column="id" jdbcType="INTEGER" property="id"/>
        <result column="user_name" jdbcType="VARCHAR" property="userName"/>
        <result column="account_book_id" jdbcType="INTEGER" property="accountBookId"/>
        <result column="in_ex_status" jdbcType="VARCHAR" property="inExStatus"/>
        <result column="first_category_name" jdbcType="VARCHAR" property="firstCategoryName"/>
    </resultMap>
    <sql id="Base_Column_List">
        <!--
          WARNING - @mbggenerated
          This element is automatically generated by MyBatis Generator, do not modify.
          This element was generated on Mon May 17 10:32:18 CST 2021.
        -->
        id, user_name, account_book_id, in_ex_status, first_category_name
    </sql>
    <select id="selectByPrimaryKey" parameterType="java.lang.Integer" resultMap="BaseResultMap">
        <!--
          WARNING - @mbggenerated
          This element is automatically generated by MyBatis Generator, do not modify.
          This element was generated on Mon May 17 10:32:18 CST 2021.
        -->
        select
        <include refid="Base_Column_List"/>
        from category_first
        where id = #{id,jdbcType=INTEGER}
    </select>
    <delete id="deleteByPrimaryKey" parameterType="java.lang.Integer">
        <!--
          WARNING - @mbggenerated
          This element is automatically generated by MyBatis Generator, do not modify.
          This element was generated on Mon May 17 10:32:18 CST 2021.
        -->
        delete from category_first
        where id = #{id,jdbcType=INTEGER}
    </delete>
    <insert id="insert" parameterType="pers.elias.financial_management.model.CategoryFirst">
        <!--
          WARNING - @mbggenerated
          This element is automatically generated by MyBatis Generator, do not modify.
          This element was generated on Mon May 17 10:32:18 CST 2021.
        -->
        insert into category_first (id, user_name, account_book_id,
        in_ex_status, first_category_name)
        values (#{id,jdbcType=INTEGER}, #{userName,jdbcType=VARCHAR}, #{accountBookId,jdbcType=INTEGER},
        #{inExStatus,jdbcType=VARCHAR}, #{firstCategoryName,jdbcType=VARCHAR})
    </insert>
    <insert id="insertSelective" parameterType="pers.elias.financial_management.model.CategoryFirst">
        <!--
          WARNING - @mbggenerated
          This element is automatically generated by MyBatis Generator, do not modify.
          This element was generated on Mon May 17 10:32:18 CST 2021.
        -->
        insert into category_first
        <trim prefix="(" suffix=")" suffixOverrides=",">
            <if test="id != null">
                id,
            </if>
            <if test="userName != null">
                user_name,
            </if>
            <if test="accountBookId != null">
                account_book_id,
            </if>
            <if test="inExStatus != null">
                in_ex_status,
            </if>
            <if test="firstCategoryName != null">
                first_category_name,
            </if>
        </trim>
        <trim prefix="values (" suffix=")" suffixOverrides=",">
            <if test="id != null">
                #{id,jdbcType=INTEGER},
            </if>
            <if test="userName != null">
                #{userName,jdbcType=VARCHAR},
            </if>
            <if test="accountBookId != null">
                #{accountBookId,jdbcType=INTEGER},
            </if>
            <if test="inExStatus != null">
                #{inExStatus,jdbcType=VARCHAR},
            </if>
            <if test="firstCategoryName != null">
                #{firstCategoryName,jdbcType=VARCHAR},
            </if>
        </trim>
    </insert>
    <update id="updateByPrimaryKeySelective" parameterType="pers.elias.financial_management.model.CategoryFirst">
        <!--
          WARNING - @mbggenerated
          This element is automatically generated by MyBatis Generator, do not modify.
          This element was generated on Mon May 17 10:32:18 CST 2021.
        -->
        update category_first
        <set>
            <if test="userName != null">
                user_name = #{userName,jdbcType=VARCHAR},
            </if>
            <if test="accountBookId != null">
                account_book_id = #{accountBookId,jdbcType=INTEGER},
            </if>
            <if test="inExStatus != null">
                in_ex_status = #{inExStatus,jdbcType=VARCHAR},
            </if>
            <if test="firstCategoryName != null">
                first_category_name = #{firstCategoryName,jdbcType=VARCHAR},
            </if>
        </set>
        where id = #{id,jdbcType=INTEGER}
    </update>
    <update id="updateByPrimaryKey" parameterType="pers.elias.financial_management.model.CategoryFirst">
        <!--
          WARNING - @mbggenerated
          This element is automatically generated by MyBatis Generator, do not modify.
          This element was generated on Mon May 17 10:32:18 CST 2021.
        -->
        update category_first
        set user_name = #{userName,jdbcType=VARCHAR},
        account_book_id = #{accountBookId,jdbcType=INTEGER},
        in_ex_status = #{inExStatus,jdbcType=VARCHAR},
        first_category_name = #{firstCategoryName,jdbcType=VARCHAR}
        where id = #{id,jdbcType=INTEGER}
    </update>

    <select id="selectAllByCategoryFirst" parameterType="pers.elias.financial_management.model.CategoryFirst"
            resultType="String">
    select first_category_name
    from category_first
    where
    account_book_id = #{accountBookId}
    and
    in_ex_status = #{inExStatus}
  </select>

    <delete id="deleteByCategoryFirst" parameterType="pers.elias.financial_management.model.CategoryFirst">
    delete from category_first
    where
    account_book_id = #{accountBookId}
    and
    first_category_name = #{firstCategoryName}
  </delete>

    <resultMap id="categoryFirstResultMap" type="pers.elias.financial_management.model.CategoryFirst">
        <id column="id" jdbcType="INTEGER" property="id"/>
        <result column="user_name" jdbcType="VARCHAR" property="userName"/>
        <result column="account_book_id" jdbcType="INTEGER" property="accountBookId"/>
        <result column="in_ex_status" jdbcType="VARCHAR" property="inExStatus"/>
        <result column="first_category_name" jdbcType="VARCHAR" property="firstCategoryName"/>
    </resultMap>

    <select id="selectByCategoryFirst" parameterType="pers.elias.financial_management.model.CategoryFirst" resultMap="categoryFirstResultMap">
        select
        id, user_name, account_book_id, in_ex_status, first_category_name
        from
        category_first
        where
        account_book_id = #{accountBookId}
        <if test="inExStatus != null">
            and
            in_ex_status = #{inExStatus}
        </if>

        and
        first_category_name = #{firstCategoryName}
    </select>

    <select id="selectIdByCategoryFirst" parameterType="pers.elias.financial_management.model.CategoryFirst" resultType="Integer">
        select
        cf.id
        from category_first cf
        where
        cf.user_name = #{userName}
        and
        cf.account_book_id = #{accountBookId}
            and
            cf.in_ex_status = #{inExStatus}
        and
        cf.first_category_name = #{firstCategoryName}
    </select>

    <delete id="deleteByUserName" parameterType="String">
        delete from category_first where user_name = #{userName}
    </delete>

    <delete id="deleteByAccountBookId" parameterType="Integer">
        delete from category_first where account_book_id = #{accountBookId}
    </delete>
</mapper>
