<?xml version="1.0" encoding="UTF-8"?>
<!DOCTYPE mapper PUBLIC "-//mybatis.org//DTD Mapper 3.0//EN" "http://mybatis.org/dtd/mybatis-3-mapper.dtd">
<mapper namespace="pers.elias.financial_management.mapper.CategoryTemplateMapper">
    <resultMap id="BaseResultMap" type="pers.elias.financial_management.model.CategoryTemplate">
        <!--
          WARNING - @mbggenerated
          This element is automatically generated by MyBatis Generator, do not modify.
          This element was generated on Tue Jul 13 22:25:28 CST 2021.
        -->
        <id column="id" jdbcType="INTEGER" property="id"/>
        <result column="user_name" jdbcType="VARCHAR" property="userName"/>
        <result column="account_book_id" jdbcType="INTEGER" property="accountBookId"/>
        <result column="category_first_id" jdbcType="INTEGER" property="categoryFirstId"/>
        <result column="category_second_id" jdbcType="INTEGER" property="categorySecondId"/>
        <result column="account_type_id" jdbcType="INTEGER" property="accountTypeId"/>
        <result column="in_ex_status" jdbcType="VARCHAR" property="inExStatus"/>
        <result column="template_name" jdbcType="VARCHAR" property="templateName"/>
    </resultMap>
    <sql id="Base_Column_List">
        <!--
          WARNING - @mbggenerated
          This element is automatically generated by MyBatis Generator, do not modify.
          This element was generated on Tue Jul 13 22:25:28 CST 2021.
        -->
        id, user_name, account_book_id, category_first_id, category_second_id, account_type_id,
        in_ex_status, template_name
    </sql>
    <select id="selectByPrimaryKey" parameterType="java.lang.Integer" resultMap="BaseResultMap">
        <!--
          WARNING - @mbggenerated
          This element is automatically generated by MyBatis Generator, do not modify.
          This element was generated on Tue Jul 13 22:25:28 CST 2021.
        -->
        select
        <include refid="Base_Column_List"/>
        from category_template
        where id = #{id,jdbcType=INTEGER}
    </select>
    <delete id="deleteByPrimaryKey" parameterType="java.lang.Integer">
        <!--
          WARNING - @mbggenerated
          This element is automatically generated by MyBatis Generator, do not modify.
          This element was generated on Tue Jul 13 22:25:28 CST 2021.
        -->
        delete from category_template
        where id = #{id,jdbcType=INTEGER}
    </delete>
    <insert id="insert" parameterType="pers.elias.financial_management.model.CategoryTemplate">
        <!--
          WARNING - @mbggenerated
          This element is automatically generated by MyBatis Generator, do not modify.
          This element was generated on Tue Jul 13 22:25:28 CST 2021.
        -->
        insert into category_template (id, user_name, account_book_id,
        category_first_id, category_second_id, account_type_id,
        in_ex_status, template_name)
        values (#{id,jdbcType=INTEGER}, #{userName,jdbcType=VARCHAR}, #{accountBookId,jdbcType=INTEGER},
        #{categoryFirstId,jdbcType=INTEGER}, #{categorySecondId,jdbcType=INTEGER}, #{accountTypeId,jdbcType=INTEGER},
        #{inExStatus,jdbcType=VARCHAR}, #{templateName,jdbcType=VARCHAR})
    </insert>
    <insert id="insertSelective" parameterType="pers.elias.financial_management.model.CategoryTemplate">
        <!--
          WARNING - @mbggenerated
          This element is automatically generated by MyBatis Generator, do not modify.
          This element was generated on Tue Jul 13 22:25:28 CST 2021.
        -->
        insert into category_template
        <trim prefix="(" suffix=")" suffixOverrides=",">
            <if test="id != null">
                id,
            </if>
            <if test="userName != null">
                user_name,
            </if>
            <if test="accountBookId != null">
                account_book_id,
            </if>
            <if test="categoryFirstId != null">
                category_first_id,
            </if>
            <if test="categorySecondId != null">
                category_second_id,
            </if>
            <if test="accountTypeId != null">
                account_type_id,
            </if>
            <if test="inExStatus != null">
                in_ex_status,
            </if>
            <if test="templateName != null">
                template_name,
            </if>
        </trim>
        <trim prefix="values (" suffix=")" suffixOverrides=",">
            <if test="id != null">
                #{id,jdbcType=INTEGER},
            </if>
            <if test="userName != null">
                #{userName,jdbcType=VARCHAR},
            </if>
            <if test="accountBookId != null">
                #{accountBookId,jdbcType=INTEGER},
            </if>
            <if test="categoryFirstId != null">
                #{categoryFirstId,jdbcType=INTEGER},
            </if>
            <if test="categorySecondId != null">
                #{categorySecondId,jdbcType=INTEGER},
            </if>
            <if test="accountTypeId != null">
                #{accountTypeId,jdbcType=INTEGER},
            </if>
            <if test="inExStatus != null">
                #{inExStatus,jdbcType=VARCHAR},
            </if>
            <if test="templateName != null">
                #{templateName,jdbcType=VARCHAR},
            </if>
        </trim>
    </insert>
    <update id="updateByPrimaryKeySelective" parameterType="pers.elias.financial_management.model.CategoryTemplate">
        <!--
          WARNING - @mbggenerated
          This element is automatically generated by MyBatis Generator, do not modify.
          This element was generated on Tue Jul 13 22:25:28 CST 2021.
        -->
        update category_template
        <set>
            <if test="userName != null">
                user_name = #{userName,jdbcType=VARCHAR},
            </if>
            <if test="accountBookId != null">
                account_book_id = #{accountBookId,jdbcType=INTEGER},
            </if>
            <if test="categoryFirstId != null">
                category_first_id = #{categoryFirstId,jdbcType=INTEGER},
            </if>
            <if test="categorySecondId != null">
                category_second_id = #{categorySecondId,jdbcType=INTEGER},
            </if>
            <if test="accountTypeId != null">
                account_type_id = #{accountTypeId,jdbcType=INTEGER},
            </if>
            <if test="inExStatus != null">
                in_ex_status = #{inExStatus,jdbcType=VARCHAR},
            </if>
            <if test="templateName != null">
                template_name = #{templateName,jdbcType=VARCHAR},
            </if>
        </set>
        where id = #{id,jdbcType=INTEGER}
    </update>
    <update id="updateByPrimaryKey" parameterType="pers.elias.financial_management.model.CategoryTemplate">
        <!--
          WARNING - @mbggenerated
          This element is automatically generated by MyBatis Generator, do not modify.
          This element was generated on Tue Jul 13 22:25:28 CST 2021.
        -->
        update category_template
        set user_name = #{userName,jdbcType=VARCHAR},
        account_book_id = #{accountBookId,jdbcType=INTEGER},
        category_first_id = #{categoryFirstId,jdbcType=INTEGER},
        category_second_id = #{categorySecondId,jdbcType=INTEGER},
        account_type_id = #{accountTypeId,jdbcType=INTEGER},
        in_ex_status = #{inExStatus,jdbcType=VARCHAR},
        template_name = #{templateName,jdbcType=VARCHAR}
        where id = #{id,jdbcType=INTEGER}
    </update>
    <select id="selectAllByCategoryTemplate" parameterType="pers.elias.financial_management.model.CategoryTemplate"
            resultType="String">
        select
        ct.template_name
        from category_template ct
        where
        ct.user_name = #{userName}
        and
        ct.account_book_id = #{accountBookId}
        and
        ct.in_ex_status = #{inExStatus}
  </select>

    <delete id="deleteByCategoryTemplate" parameterType="pers.elias.financial_management.model.CategoryTemplate">
    delete from category_template ct
    where
    ct.user_name = #{userName}
    and
    ct.account_book_id = #{accountBookId}
    and
    ct.in_ex_status = #{inExStatus}
  </delete>

    <resultMap id="categoryTemplateResultMap" type="pers.elias.financial_management.model.CategoryTemplate">
        <id column="id" jdbcType="INTEGER" property="id"/>
        <result column="user_name" jdbcType="VARCHAR" property="userName"/>
        <result column="account_book_id" jdbcType="INTEGER" property="accountBookId"/>
        <result column="category_first_id" jdbcType="INTEGER" property="categoryFirstId"/>
        <result column="category_second_id" jdbcType="INTEGER" property="categorySecondId"/>
        <result column="account_type_id" jdbcType="INTEGER" property="accountTypeId"/>
        <result column="in_ex_status" jdbcType="VARCHAR" property="inExStatus"/>
        <result column="template_name" jdbcType="VARCHAR" property="templateName"/>
    </resultMap>

    <select id="selectByCategoryTemplate" parameterType="pers.elias.financial_management.model.CategoryTemplate"
            resultMap="categoryTemplateResultMap">
          select
          ct.id,
          ct.user_name,
          ct.account_book_id,
          ct.category_first_id,
          ct.category_second_id,
          ct.account_type_id,
          ct.in_ex_status,
          ct.template_name
          from category_template ct
          where
          ct.user_name = #{userName}
          and
          ct.account_book_id = #{accountBookId}
          and
          ct.in_ex_status = #{inExStatus}
              and
              ct.template_name = #{templateName}
  </select>

    <select id="selectAllTemplate" parameterType="pers.elias.financial_management.model.CategoryTemplate"
            resultMap="categoryTemplateResultMap">
          select
          ct.id,
          ct.user_name,
          ct.account_book_id,
          ct.category_first_id,
          ct.category_second_id,
          ct.account_type_id,
          ct.in_ex_status,
          ct.template_name
          from category_template ct
          where
          ct.user_name = #{userName}
          and
          ct.account_book_id = #{accountBookId}
          and
          ct.in_ex_status = #{inExStatus}
  </select>

    <delete id="deleteByUserName" parameterType="String">
        delete from category_template where user_name = #{userName}
    </delete>

    <delete id="deleteByAccountBookId" parameterType="Integer">
        delete from category_template where account_book_id = #{accountBookId}
    </delete>

    <delete id="deleteByCategorySecondId" parameterType="Integer">
        delete from category_template where category_second_id = #{categorySecondId}
    </delete>

    <delete id="deleteByFirstCategoryId" parameterType="Integer">
        delete from category_template where category_first_id = #{firstCategoryId}
    </delete>

    <delete id="deleteByAccountTypeId" parameterType="Integer">
        delete from category_template where account_type_id = #{accountTypeId}
    </delete>
</mapper>
