<?xml version="1.0" encoding="UTF-8"?>
<!DOCTYPE mapper PUBLIC "-//mybatis.org//DTD Mapper 3.0//EN" "http://mybatis.org/dtd/mybatis-3-mapper.dtd">
<mapper namespace="pers.elias.financial_management.mapper.CategorySecondMapper">
    <resultMap id="BaseResultMap" type="pers.elias.financial_management.model.CategorySecond">
        <!--
          WARNING - @mbggenerated
          This element is automatically generated by MyBatis Generator, do not modify.
          This element was generated on Mon May 17 12:50:42 CST 2021.
        -->
        <id column="id" jdbcType="INTEGER" property="id"/>
        <result column="user_name" jdbcType="VARCHAR" property="userName"/>
        <result column="account_book_id" jdbcType="INTEGER" property="accountBookId"/>
        <result column="first_category_id" jdbcType="INTEGER" property="firstCategoryId"/>
        <result column="second_category_name" jdbcType="VARCHAR" property="secondCategoryName"/>
        <result column="in_ex_status" jdbcType="VARCHAR" property="inExStatus"/>
    </resultMap>
    <sql id="Base_Column_List">
        <!--
          WARNING - @mbggenerated
          This element is automatically generated by MyBatis Generator, do not modify.
          This element was generated on Mon May 17 12:50:42 CST 2021.
        -->
        id, user_name, account_book_id, first_category_id, second_category_name, in_ex_status
    </sql>
    <select id="selectByPrimaryKey" parameterType="java.lang.Integer" resultMap="BaseResultMap">
        <!--
          WARNING - @mbggenerated
          This element is automatically generated by MyBatis Generator, do not modify.
          This element was generated on Mon May 17 12:50:42 CST 2021.
        -->
        select
        <include refid="Base_Column_List"/>
        from category_second
        where id = #{id,jdbcType=INTEGER}
    </select>
    <delete id="deleteByPrimaryKey" parameterType="java.lang.Integer">
        <!--
          WARNING - @mbggenerated
          This element is automatically generated by MyBatis Generator, do not modify.
          This element was generated on Mon May 17 12:50:42 CST 2021.
        -->
        delete from category_second
        where id = #{id,jdbcType=INTEGER}
    </delete>
    <insert id="insert" parameterType="pers.elias.financial_management.model.CategorySecond">
        <!--
          WARNING - @mbggenerated
          This element is automatically generated by MyBatis Generator, do not modify.
          This element was generated on Mon May 17 12:50:42 CST 2021.
        -->
        insert into category_second (id, user_name, account_book_id,
        first_category_id, second_category_name, in_ex_status
        )
        values (#{id,jdbcType=INTEGER}, #{userName,jdbcType=VARCHAR}, #{accountBookId,jdbcType=INTEGER},
        #{firstCategoryId,jdbcType=INTEGER}, #{secondCategoryName,jdbcType=VARCHAR}, #{inExStatus,jdbcType=VARCHAR}
        )
    </insert>
    <insert id="insertSelective" parameterType="pers.elias.financial_management.model.CategorySecond">
        <!--
          WARNING - @mbggenerated
          This element is automatically generated by MyBatis Generator, do not modify.
          This element was generated on Mon May 17 12:50:42 CST 2021.
        -->
        insert into category_second
        <trim prefix="(" suffix=")" suffixOverrides=",">
            <if test="id != null">
                id,
            </if>
            <if test="userName != null">
                user_name,
            </if>
            <if test="accountBookId != null">
                account_book_id,
            </if>
            <if test="firstCategoryId != null">
                first_category_id,
            </if>
            <if test="secondCategoryName != null">
                second_category_name,
            </if>
            <if test="inExStatus != null">
                in_ex_status,
            </if>
        </trim>
        <trim prefix="values (" suffix=")" suffixOverrides=",">
            <if test="id != null">
                #{id,jdbcType=INTEGER},
            </if>
            <if test="userName != null">
                #{userName,jdbcType=VARCHAR},
            </if>
            <if test="accountBookId != null">
                #{accountBookId,jdbcType=INTEGER},
            </if>
            <if test="firstCategoryId != null">
                #{firstCategoryId,jdbcType=INTEGER},
            </if>
            <if test="secondCategoryName != null">
                #{secondCategoryName,jdbcType=VARCHAR},
            </if>
            <if test="inExStatus != null">
                #{inExStatus,jdbcType=VARCHAR},
            </if>
        </trim>
    </insert>
    <update id="updateByPrimaryKeySelective" parameterType="pers.elias.financial_management.model.CategorySecond">
        <!--
          WARNING - @mbggenerated
          This element is automatically generated by MyBatis Generator, do not modify.
          This element was generated on Mon May 17 12:50:42 CST 2021.
        -->
        update category_second
        <set>
            <if test="userName != null">
                user_name = #{userName,jdbcType=VARCHAR},
            </if>
            <if test="accountBookId != null">
                account_book_id = #{accountBookId,jdbcType=INTEGER},
            </if>
            <if test="firstCategoryId != null">
                first_category_id = #{firstCategoryId,jdbcType=INTEGER},
            </if>
            <if test="secondCategoryName != null">
                second_category_name = #{secondCategoryName,jdbcType=VARCHAR},
            </if>
            <if test="inExStatus != null">
                in_ex_status = #{inExStatus,jdbcType=VARCHAR},
            </if>
        </set>
        where id = #{id,jdbcType=INTEGER}
    </update>
    <update id="updateByPrimaryKey" parameterType="pers.elias.financial_management.model.CategorySecond">
        <!--
          WARNING - @mbggenerated
          This element is automatically generated by MyBatis Generator, do not modify.
          This element was generated on Mon May 17 12:50:42 CST 2021.
        -->
        update category_second
        set user_name = #{userName,jdbcType=VARCHAR},
        account_book_id = #{accountBookId,jdbcType=INTEGER},
        first_category_id = #{firstCategoryId,jdbcType=INTEGER},
        second_category_name = #{secondCategoryName,jdbcType=VARCHAR},
        in_ex_status = #{inExStatus,jdbcType=VARCHAR}
        where id = #{id,jdbcType=INTEGER}
    </update>

    <select id="selectAllByCategorySecond" parameterType="pers.elias.financial_management.model.CategorySecond"
            resultType="String">
        select
        second_category_name
        from
        category_second
        where
        account_book_id = #{accountBookId}
        <if test="inExStatus != null">
            and
            in_ex_status = #{inExStatus}
        </if>
        <if test="firstCategoryId != null">
            and
            first_category_id = #{firstCategoryId}
        </if>
    </select>

    <delete id="deleteByCategorySecond" parameterType="pers.elias.financial_management.model.CategorySecond">
    delete from category_second
    where
    account_book_id = #{accountBookId}
    and
    second_category_name = #{secondCategoryName}
  </delete>

    <select id="selectIdByCategorySecond" parameterType="pers.elias.financial_management.model.CategorySecond"
            resultType="Integer">
    select
    cs.id
    from category_second cs
    where
    cs.user_name = #{userName}
    and
    cs.account_book_id = #{accountBookId}
    and
    cs.in_ex_status = #{inExStatus}
    and
    cs.second_category_name = #{secondCategoryName}
  </select>

    <select id="selectIdByFirstCategoryId" parameterType="Integer" resultType="Integer">
    select
    cs.id
    from category_second cs
    where
    cs.first_category_id = #{firstCategoryId}
  </select>

    <delete id="deleteByUserName" parameterType="String">
        delete from category_second where user_name = #{userName}
    </delete>

    <delete id="deleteByAccountBookId" parameterType="Integer">
        delete from category_second where account_book_id = #{accountBookId}
    </delete>

    <delete id="deleteByFirstCategoryId" parameterType="Integer">
        delete from category_second where first_category_id = #{firstCategoryId}
    </delete>

</mapper>
