<?xml version="1.0" encoding="UTF-8"?>
<!DOCTYPE mapper PUBLIC "-//mybatis.org//DTD Mapper 3.0//EN" "http://mybatis.org/dtd/mybatis-3-mapper.dtd">
<mapper namespace="pers.elias.financial_management.mapper.TotalAmountMapper">
    <select id="selectDailyInEx" parameterType="pers.elias.financial_management.model.AccountCurrent"
            resultType="Double">
        SELECT
            ac.amount
        FROM
            account_current ac
        WHERE
            ac.user_name = #{userName}
            and
            ac.account_book_id = #{accountBookId}
            and
            ac.in_ex_status = #{inExStatus}
            and
            date_format(date, '%Y-%m-%d') = #{dateConverted}
    </select>

    <select id="selectMonthlyInEx" parameterType="pers.elias.financial_management.model.AccountCurrent"
            resultType="Double">
        SELECT
            ac.amount
        FROM
            account_current ac
        WHERE
            ac.user_name = #{userName}
            and
            ac.account_book_id = #{accountBookId}
            and
            ac.in_ex_status = #{inExStatus}
            and
            date_format(date, '%Y-%m') = #{dateConverted}
    </select>

    <select id="selectYearlyInEx" parameterType="pers.elias.financial_management.model.AccountCurrent"
            resultType="Double">
        SELECT
            ac.amount
        FROM
            account_current ac
        WHERE
            ac.user_name = #{userName}
            and
            ac.account_book_id = #{accountBookId}
            and
            ac.in_ex_status = #{inExStatus}
            and
            date_format(date, '%Y') = #{dateConverted}
    </select>

    <select id="selectAllInEx" resultType="Double">
        SELECT
        ac.amount
        FROM
        account_current ac,
        account_type at
        WHERE
        ac.account_type_id = at.id
        AND ac.user_name = #{userName}
        AND ac.account_book_id = #{accountBookId}
        AND ac.in_ex_status = #{inExStatus}
        AND at.financial_account_id not in
        <foreach collection="accountFinancialId" item="accountFinancialId" index="index" open="(" close=")"
                 separator=",">
            #{accountFinancialId}
        </foreach>
    </select>

    <select id="selectAccountAllInEx" parameterType="pers.elias.financial_management.model.AccountCurrent"
            resultType="Double">
        SELECT
            ac.amount
            FROM
            account_current ac,
            category_second cs,
            account_type at,
            account_financial af
        WHERE
            ac.user_name = cs.user_name
            AND ac.account_book_id = cs.account_book_id
            AND ac.second_category_id = cs.id
            AND ac.account_type_id = at.id
            AND af.id = at.financial_account_id
            AND ac.user_name = #{userName}
            AND ac.in_ex_status = #{inExStatus}
            AND ac.account_book_id = #{accountBookId}
            AND af.id = #{accountFinancialId}
    </select>

    <select id="selectSubAccountAllInEx" parameterType="pers.elias.financial_management.model.AccountCurrent"
            resultType="Double">
        SELECT
            ac.amount
            FROM
            account_current ac,
            category_second cs,
            account_type at
        WHERE
            ac.user_name = cs.user_name
            AND ac.account_book_id = cs.account_book_id
            AND ac.second_category_id = cs.id
            AND ac.account_type_id = at.id
            AND ac.user_name = #{userName}
            AND ac.in_ex_status = #{inExStatus}
            AND ac.account_book_id = #{accountBookId}
            AND ac.account_type_id = #{accountTypeId}
    </select>

    <select id="selectSecondCategoryAllInEx" resultType="Double">
        SELECT
            ac.amount
            FROM
            account_current ac,
            category_second cs
        WHERE
            ac.user_name = cs.user_name
            AND ac.account_book_id = cs.account_book_id
            AND ac.second_category_id = cs.id
            AND ac.user_name = #{userName}
            AND ac.account_book_id = #{accountBookId}
            AND ac.in_ex_status = #{inExStatus}
			AND ac.second_category_id = #{secondCategoryId}
    </select>
</mapper>
